btr_id,name,exchange,ticker,country
00001,3i Group,LSE,III,GB
00011,3M Company,NYSE,MMM,US
00021,A. O. Smith,NYSE,AOS,US
00031,A.P. Moller-Maersk,CPH,MAERSK-B,DK
00041,ABB Group,SWX,ABB,CH
00051,Abbott Laboratories,NYSE,ABT,US
00061,AbbVie,NYSE,ABBV,US
00071,Abertis Infraestructuras,BME,ABE,ES
00081,Accenture,NYSE,ACN,IE
00091,Accor,EURONEXT,AC,FR
00101,Actelion,SWX,ATLN,CH
00111,Adecco,SWX,ADEN,CH
00121,Adidas,FWB,ADS,DE
00131,Admiral,LSE,ADM,GB
00141,Adobe,NASDAQ,ADBE,US
00151,Advanced Micro Devices,NASDAQ,AMD,US
00161,Advantest,TSE,6857,JP
00171,Adyen,EURONEXT,ADYEN,NL
00181,AECC Aviation Power,SHSE,600893,CN
00191,Aegon,EURONEXT,AGN,NL
00201,Aena,BME,AENA,ES
00211,Aeon,TSE,8267,JP
00221,Aercap Holdings,NYSE,AER,IE
00231,AES Corporation,NYSE,AES,US
00241,Aflac,NYSE,AFL,US
00251,AGC Group,TSE,5201,JP
00261,Ageas,EBR,AGS,BE
00271,Agilent Technologies,NYSE,A,US
00281,Agnico Eagle Mines,TSX,AEM,CA
00291,Agricultural Bank of China,HKEX,1288,CN
00301,Ahold,EURONEXT,AH,NL
00311,Ahold Delhaize,EURONEXT,AD,NL
00321,AIA Group,HKEX,1299,HK
00331,AIB Group,ISE,AIBG,IE
00341,Air Liquide,EURONEXT,AI,FR
00351,Air Products & Chemicals,NYSE,APD,US
00361,Airbnb,NASDAQ,ABNB,US
00371,Airbus,EURONEXT,AIR,NL
00381,Ajinomoto,TSE,2802,JP
00391,Akamai Technologies,NASDAQ,AKAM,US
00401,Akzo Nobel,EURONEXT,AKZA,NL
00411,Albemarle Corporation,NYSE,ALB,US
00421,Alcon,SWX,ALC,CH
00431,Alexandria Real Estate Equities,NYSE,ARE,US
00441,Alibaba,NYSE,BABA,CN
00451,Alibaba Health,HKEX,0241,HK
00461,Align Technology,NASDAQ,ALGN,US
00471,Alimentation Couche-Tard,TSX,ATD,CA
00481,Allegion,NYSE,ALLE,US
00491,Alliant Energy,NASDAQ,LNT,US
00501,Allianz,XETRA,ALV,DE
00511,Allstate,NYSE,ALL,US
00521,Alnylam Pharmaceuticals,NASDAQ,ALNY,US
00531,Alphabet,NASDAQ,GOOGL,US
00541,Alps Electric,TSE,6770,JP
00551,Altice,EURONEXT,ATC,NL
00561,Altria,NYSE,MO,US
00571,Amada,TSE,6113,JP
00581,Amadeus IT Holding,BME,AMS,ES
00591,Amazon,NASDAQ,AMZN,US
00601,Amcor,ASX,AMCR,AU
00611,Ameren Corporation,NYSE,AEE,US
00621,American Electric Power,NASDAQ,AEP,US
00631,American Express,NYSE,AXP,US
00641,American International,NYSE,AIG,US
00651,American Tower,NYSE,AMT,US
00661,American Water Works,NYSE,AWK,US
00671,Ameriprise Financial,NYSE,AMP,US
00681,Ametek,NYSE,AME,US
00691,Amgen,NASDAQ,AMGN,US
00701,Amorepacific,KRX,090430,KR
00711,Amphenol,NYSE,APH,US
00721,ANA Group,TSE,9202,JP
00731,Analog Devices,NASDAQ,ADI,US
00741,Anglo American,LSE,AAL,GB
00751,Anheuser-Busch InBev,EBR,ABI,BE
00761,Ansys,NASDAQ,ANSS,US
00771,Anta Sports,HKEX,2020,HK
00781,ANZ Holdings,ASX,ANZ,AU
00791,Aon,NYSE,AON,IE
00801,Aozora Bank,TSE,8304,JP
00811,APA Corporation,NASDAQ,APA,US
00821,Apollo Global Management,NYSE,APO,US
00831,Apple,NASDAQ,AAPL,US
00841,Applied Materials,NASDAQ,AMAT,US
00851,AppLovin,NASDAQ,APP,US
00861,APR,KRX,035760,KR
00871,Aptiv,NYSE,APTV,IE
00881,ArcelorMittal,AMS,MT,LU
00891,Arch Capital,NASDAQ,ACGL,BM
00901,Archer-Daniels-Midland,NYSE,ADM,US
00911,Ares Management,NYSE,ARES,US
00921,argenx,EBR,ARGX,BE
00931,Arista Networks,NASDAQ,ANET,US
00941,Aristocrat Leisure,ASX,ALL,AU
00951,Arm,NASDAQ,ARM,GB
00961,Arthur J. Gallagher & Co.,NYSE,AJG,US
00971,Asahi,TSE,2502,JP
00981,Asahi Holdings,TSE,5857,JP
00991,Asahi Kasei,TSE,3407,JP
01001,Ashtead,LSE,AHT,GB
01011,Asics,TSE,7936,JP
01021,ASM International,EURONEXT,ASM,NL
01031,ASML Holding,EURONEXT,ASML,NL
01041,Assa Abloy,STO,ASSA-B,SE
01051,Assicurazioni Generali,BIT,G,IT
01061,Associated British Foods,LSE,ABF,GB
01071,Assurant,NYSE,AIZ,US
01081,Astellas Pharma,TSE,4503,JP
01091,AstraZeneca,LSE,AZN,GB
01101,AT&T,NYSE,T,US
01111,Atlantia,BIT,ATL,IT
01121,Atlas Copco,STO,ATCO-A,SE
01131,Atlassian,NASDAQ,TEAM,AU
01141,Atmos Energy,NYSE,ATO,US
01151,Atos,EURONEXT,ATO,FR
01161,Autodesk,NASDAQ,ADSK,US
01171,Automatic Data Processing,NASDAQ,ADP,US
01181,AutoZone,NYSE,AZO,US
01191,AvalonBay Communities,NYSE,AVB,US
01201,Avery Dennison,NYSE,AVY,US
01211,Aviva,LSE,AV,GB
01221,AXA,EURONEXT,CS,FR
01231,Axon Enterprise,NASDAQ,AXON,US
01241,BAE Systems,LSE,BA,GB
01251,Baidu,NASDAQ,BIDU,CN
01261,Baker Hughes,NASDAQ,BKR,US
01271,Ball Corporation,NYSE,BLL,US
01281,Baloise,SWX,BALN,CH
01291,Banco Sabadell,BME,SAB,ES
01301,Banco Santander,BME,SAN,ES
01311,Bandai Namco Holdings,TSE,7832,JP
01321,Bank Hapoalim,TASE,POLI,IL
01331,Bank Leumi Le-Israel,TASE,LUMI,IL
01341,Bank of Montreal,TSX,BMO,CA
01351,Bank of New York Mellon,NYSE,BK,US
01361,Bank of Nova Scotia,TSX,BNS,CA
01371,Bank of America,NYSE,BAC,US
01381,Bank of China,HKEX,3988,CN
01391,Bank of Ireland,ISE,BIRG,IE
01401,Barclays,LSE,BARC,GB
01411,Barratt Developments,LSE,BDEV,GB
01421,Barrick Gold,TSX,GOLD,CA
01431,BASF,XETRA,BAS,DE
01441,Baxter International,NYSE,BAX,US
01451,Bayer,XETRA,BAYN,DE
01461,BBVA,BME,BBVA,ES
01471,Banco Bilbao Vizcaya Argentaria,BME,BBVA,ES
01481,Becton Dickinson,NYSE,BDX,US
01491,Beiersdorf,XETRA,BEI,DE
01501,Beijing Kingsoft Office Software,SSE,688111,CN
01511,Berkeley Group Holdings,LSE,BKG,GB
01521,Berkshire Hathaway,NYSE,BRK-B,US
01531,Best Buy,NYSE,BBY,US
01541,BGF Retail,KRX,282330,KR
01551,BHP,ASX,BHP,AU
01561,Bio-Techne,NASDAQ,TECH,US
01571,Biogen,NASDAQ,BIIB,US
01581,BlackRock,NYSE,BLK,US
01591,Blackstone,NYSE,BX,US
01601,Block,NYSE,SQ,US
01611,BMW,XETRA,BMW,DE
01621,BNK Financial,KRX,138930,KR
01631,BNP Paribas,EURONEXT,BNP,FR
01641,BNY Mellon,NYSE,BK,US
01651,BOC Hong Kong,HKEX,2388,HK
01661,Boeing,NYSE,BA,US
01671,Booking Holdings,NASDAQ,BKNG,US
01681,Boston Scientific,NYSE,BSX,US
01691,Bouygues,EURONEXT,EN,FR
01701,BP,LSE,BP,GB
01711,Brambles,ASX,BXB,AU
01721,Brenntag,XETRA,BNR,DE
01731,Bridgestone,TSE,5108,JP
01741,Bristol-Myers Squibb,NYSE,BMY,US
01751,British American Tobacco,LSE,BATS,GB
01761,British Land Company,LSE,BLND,GB
01771,Broadcom,NASDAQ,AVGO,US
01781,Broadridge Financial Solutions,NYSE,BR,US
01791,Brookfield,TSX,BN,CA
01801,Brookfield Asset Management,TSX,BAM,CA
01811,Brown & Brown,NYSE,BRO,US
01821,Brown–Forman,NYSE,BF-B,US
01831,BT Group,LSE,BT.A,GB
01841,Budweiser Brewing Company APAC,HKEX,1876,HK
01851,Builders FirstSource,NYSE,BLDR,US
01861,Bunge Global,NYSE,BG,US
01871,Bunzl,LSE,BNZL,GB
01881,Burberry,LSE,BRBY,GB
01891,Burlington Stores,NYSE,BURL,US
01901,BXP,NYSE,BXP,US
01911,BYD Company,HKEX,1211,CN
01921,C.H. Robinson,NASDAQ,CHRW,US
01931,Cadence Design Systems,NASDAQ,CDNS,US
01941,Caesars Entertainment,NASDAQ,CZR,US
01951,CaixaBank,BME,CABK,ES
01961,Camden Property Trust,NYSE,CPT,US
01971,Cameco,TSX,CCJ,CA
01981,Campbell Soup Company,NYSE,CPB,US
01991,Canadian Imperial Bank,TSX,CM,CA
02001,Canadian Natural Resources,TSX,CNQ,CA
02011,Canadian National Railway,TSX,CNR,CA
02021,Canon,TSE,7751,JP
02031,Capgemini,EURONEXT,CAP,FR
02041,Capita,LSE,CPI,GB
02051,Capital One Financial,NYSE,COF,US
02061,Cardinal Health,NYSE,CAH,US
02071,Carlisle Companies,NYSE,CSL,US
02081,Carlsberg,CPH,CARL-B,DK
02091,CarMax,NYSE,KMX,US
02101,Carnival,LSE,CCL,GB
02111,Carnival Corp,NYSE,CCL,US
02121,Carrefour,EURONEXT,CA,FR
02131,Carrier Global,NYSE,CARR,US
02141,Carvana,NYSE,CVNA,US
02151,Casio Computer,TSE,6952,JP
02161,Caterpillar,NYSE,CAT,US
02171,Cboe Global Markets,CBOE,CBOE,US
02181,CBRE Group,NYSE,CBRE,US
02191,CDW Corporation,NASDAQ,CDW,US
02201,Cellnex Telecom,BME,CLNX,ES
02211,Celltrion,KRX,068270,KR
02221,Cencora,NYSE,COR,US
02231,Cenovus Energy,TSX,CVE,CA
02241,Centene Corporation,NYSE,CNC,US
02251,CenterPoint Energy,NYSE,CNP,US
02261,Central Japan Railway,TSE,9022,JP
02271,Centrica,LSE,CNA,GB
02281,CF Industries,NYSE,CF,US
02291,CGI,TSX,GIB.A,CA
02301,Charles River Laboratories,NASDAQ,CRL,US
02311,Charles Schwab Corporation,NYSE,SCHW,US
02321,Charter Communications,NASDAQ,CHTR,US
02331,Check Point Software,NASDAQ,CHKP,IL
02341,Cheil Worldwide,KRX,030000,KR
02351,Cheniere Energy,NYSE,LNG,US
02361,Cheung Kong Infrastructure Holdings,HKEX,1038,HK
02371,Chevron Corporation,NYSE,CVX,US
02381,China Construction Bank,HKEX,0939,CN
02391,China CSSC Holdings,SHSE,600150,CN
02401,China Hongqiao,HKEX,1378,CN
02411,China Life Insurance,HKEX,2628,CN
02421,China Merchants Bank,HKEX,3968,CN
02431,China Mobile,HKEX,0941,CN
02441,China Northern Rare Earth,SHSE,600111,CN
02451,China Overseas Land & Investment,HKEX,0688,HK
02461,China Pacific Insurance Company,HKEX,2601,CN
02471,China Petroleum & Chemical Corporation,HKEX,0386,CN
02481,China Railway,SHSE,601390,CN
02491,China Resources Beer,HKEX,0291,HK
02501,China Resources Land,HKEX,1109,HK
02511,China Resources Mixc Lifestyle,HKEX,1209,HK
02521,China Resources Power,HKEX,0836,HK
02531,China Shenhua Energy,HKEX,1088,CN
02541,China State Construction Engineering,SHSE,601668,CN
02551,China Telecom,HKEX,0728,CN
02561,China Three Gorges Renewables,SHSE,600905,CN
02571,China Tourism Duty Free Corporation,SHSE,601888,CN
02581,China Unicom,HKEX,0762,CN
02591,China United Network Communications,SHSE,600050,CN
02601,China Yangtze Power,SHSE,600900,CN
02611,Chipotle Mexican Grill,NYSE,CMG,US
02621,Chong Kun Dang,KRX,185750,KR
02631,Chow Tai Fook,HKEX,1929,HK
02641,Chr. Hansen Holding,CPH,CHR,DK
02651,Christian Dior,EURONEXT,CDI,FR
02661,Chubb Limited,NYSE,CB,CH
02671,Chubu Electric Power,TSE,9502,JP
02681,Chugai Pharmaceutical,TSE,4519,JP
02691,Church & Dwight,NYSE,CHD,US
02701,Cie Financiere Richemont,SWX,CFR,CH
02711,Cigna,NYSE,CI,US
02721,Cincinnati Financial,NASDAQ,CINF,US
02731,Cincinnati Finl,NASDAQ,CINF,US
02741,Cintas,NASDAQ,CTAS,US
02751,Cisco,NASDAQ,CSCO,US
02761,Cisco Systems,NASDAQ,CSCO,US
02771,CITIC,HKEX,0267,HK
02781,CITIC Securities,HKEX,6030,CN
02791,Citigroup,NYSE,C,US
02801,Citizen Watch,TSE,7762,JP
02811,Citizens Financial,NYSE,CFG,US
02821,CJ,KRX,001040,KR
02831,CJ CheilJedang,KRX,097950,KR
02841,CJ Logistics,KRX,000120,KR
02851,CK Asset Holdings,HKEX,1113,HK
02861,CK Hutchison Holdings,HKEX,0001,HK
02871,Clorox,NYSE,CLX,US
02881,Cloudflare,NYSE,NET,US
02891,CLP Holdings,HKEX,0002,HK
02901,CME,NASDAQ,CME,US
02911,CMS Energy,NYSE,CMS,US
02921,Cnh Industrial NV,NYSE,CNHI,NL
02931,CNOOC,HKEX,0883,CN
02941,Coca Cola Europac,LSE,CCEP,GB
02951,Cognizant,NASDAQ,CTSH,US
02961,Cognizant Tech Solutions,NASDAQ,CTSH,US
02971,Coinbase Global,NASDAQ,COIN,US
02981,Coles,ASX,COL,AU
02991,Colgate-Palmolive,NYSE,CL,US
03001,Coloplast,CPH,COLO-B,DK
03011,Comcast,NASDAQ,CMCSA,US
03021,Comcast Corp A,NASDAQ,CMCSA,US
03031,Commerzbank,XETRA,CBK,DE
03041,Commonwealth Bank of Aus,ASX,CBA,AU
03051,Compass,LSE,CPG,GB
03061,Comsys,TSE,1721,JP
03071,Conagra Brands,NYSE,CAG,US
03081,Concordia Financial,TSE,7186,JP
03091,ConocoPhillips,NYSE,COP,US
03101,Consolidated Edison,NYSE,ED,US
03111,Constellation Brands,NYSE,STZ,US
03121,Constellation Energy,NASDAQ,CEG,US
03131,Constellation Software,TSX,CSU,CA
03141,Continental,XETRA,CON,DE
03151,Copart,NASDAQ,CPRT,US
03161,Corning,NYSE,GLW,US
03171,Corpay,NYSE,CPAY,US
03181,Corteva,NYSE,CTVA,US
03191,Cosco Shipping,SHSE,601919,CN
03201,Cosmax,KRX,192820,KR
03211,Cosmo AM&T,KRX,005070,KR
03221,Cosmo Chemical,KRX,005420,KR
03231,CoStar,NASDAQ,CSGP,US
03241,Costco,NASDAQ,COST,US
03251,Costco Wholesale,NASDAQ,COST,US
03261,Coterra,NYSE,CTRA,US
03271,Coterra Energy,NYSE,CTRA,US
03281,Country Garden,HKEX,2007,CN
03291,Coway,KRX,021240,KR
03301,CP Kansas City,NYSE,CP,CA
03311,Credit Agricole,EURONEXT,ACA,FR
03321,Credit Saison,TSE,8253,JP
03331,Credit Suisse,SWX,CSGN,CH
03341,CRH,NYSE,CRH,IE
03351,Croda International,LSE,CRDA,GB
03361,CrowdStrike,NASDAQ,CRWD,US
03371,CrowdStrike Holdings,NASDAQ,CRWD,US
03381,Crown Castle,NYSE,CCI,US
03391,CS Wind,KRX,112610,KR
03401,CSL,ASX,CSL,AU
03411,CSPC Pharmaceutical,HKEX,1093,CN
03421,CSX Corporation,NASDAQ,CSX,US
03431,Cummins,NYSE,CMI,US
03441,CVS Health,NYSE,CVS,US
03451,CyberAgent,TSE,4751,JP
03461,CyberArk Software,NASDAQ,CYBR,IL
03471,D.R. Horton,NYSE,DHI,US
03481,Daesang,KRX,001680,KR
03491,Daewoo E&C,KRX,047040,KR
03501,Daewoong,KRX,069620,KR
03511,Daewoong Pharmaceutical,KRX,069620,KR
03521,Dai Ichi Life Holdings,TSE,8750,JP
03531,Dai Nippon Printing,TSE,7912,JP
03541,Dai-ichi Life Insurance,TSE,8750,JP
03551,Daiichi Sankyo,TSE,4568,JP
03561,Daikin Industries,TSE,6367,JP
03571,Daimler,XETRA,MBG,DE
03581,Daimler Truck Holding,XETRA,DTG,DE
03591,Daiwa House Industry,TSE,1925,JP
03601,Daiwa Securities,TSE,8601,JP
03611,Danaher,NYSE,DHR,US
03621,Danone,EURONEXT,BN,FR
03631,Danske Bank,CPH,DANSKE,DK
03641,Darden Restaurants,NYSE,DRI,US
03651,Dassault Systèmes,EURONEXT,DSY,FR
03661,Datadog,NASDAQ,DDOG,US
03671,DaVita,NYSE,DVA,US
03681,Dayforce,NYSE,DAY,US
03691,DB Insurance,KRX,005830,KR
03701,DBS Holdings,SGX,D05,SG
03711,DCC,LSE,DCC,IE
03721,Deckers Brands,NYSE,DECK,US
03731,Deere & Co,NYSE,DE,US
03741,Delhaize,EBR,DELB,BE
03751,Dell Technologies,NYSE,DELL,US
03761,Delta Air Lines,NYSE,DAL,US
03771,DeNA,TSE,2432,JP
03781,Denki Kagaku Kogyo K.K.,TSE,4061,JP
03791,Denso,TSE,6902,JP
03801,Dentium,KOSDAQ,145720,KR
03811,Dentsu,TSE,4324,JP
03821,Deutsche Bank,XETRA,DBK,DE
03831,Deutsche Börse,XETRA,DB1,DE
03841,Deutsche Post,XETRA,DHL,DE
03851,Deutsche Telekom,XETRA,DTE,DE
03861,Deutsche Wohnen,XETRA,DWN,DE
03871,Devon Energy,NYSE,DVN,US
03881,Dexcom,NASDAQ,DXCM,US
03891,DGB Financial,KRX,139130,KR
03901,Diageo,LSE,DGE,GB
03911,Diamondback Energy,NASDAQ,FANG,US
03921,DIC Corporation,TSE,4631,JP
03931,Digital Realty,NYSE,DLR,US
03941,Direct Line Insurance,LSE,DLG,GB
03951,Disco,TSE,6146,JP
03961,Discover Financial,NYSE,DFS,US
03971,The Walt Disney Company,NYSE,DIS,US
03981,Dixons Carphone,LSE,DC.,GB
03991,DL Group,KRX,000210,KR
04001,DL E&C,KRX,375500,KR
04011,DNB Bank,OSL,DNB,NO
04021,DocuSign,NASDAQ,DOCU,US
04031,Dollar General,NYSE,DG,US
04041,Dollar Tree,NASDAQ,DLTR,US
04051,Dollarama,TSX,DOL,CA
04061,Dominion Energy,NYSE,D,US
04071,Domino's,NYSE,DPZ,US
04081,Dongsuh,KRX,026960,KR
04091,Dongwon Systems,KRX,014820,KR
04101,DoorDash,NASDAQ,DASH,US
04111,Doosan,KRX,000150,KR
04121,Doosan Bobcat,KRX,241560,KR
04131,Doosan Enerbility,KRX,034020,KR
04141,Doosan Fuel Cell,KRX,336260,KR
04151,Doosan Robotics,KRX,454910,KR
04161,DoubleU Games,KOSDAQ,192080,KR
04171,Dover,NYSE,DOV,US
04181,Dow,NYSE,DOW,US
04191,Dowa,TSE,5714,JP
04201,DraftKings,NASDAQ,DKNG,US
04211,DSM Firmenich,EURONEXT,DSFIR,NL
04221,DSV,CPH,DSV,DK
04231,DTE Energy,NYSE,DTE,US
04241,Duke Energy,NYSE,DUK,US
04251,DuPont,NYSE,DD,US
04261,Dynatrace,NYSE,DT,US
04271,E.ON,XETRA,EOAN,DE
04281,East Japan Railway,TSE,9020,JP
04291,Eastman Chemical Company,NYSE,EMN,US
04301,Eaton Corporation,NYSE,ETN,IE
04311,Ebara,TSE,6361,JP
04321,eBay,NASDAQ,EBAY,US
04331,Ecolab,NYSE,ECL,US
04341,Ecopro Materials,KOSDAQ,383310,KR
04351,Edison International,NYSE,EIX,US
04361,EDP Energias de Portugal,ELI,EDP,PT
04371,Edwards Lifesciences,NYSE,EW,US
04381,Eiffage,EURONEXT,FGR,FR
04391,Eisai,TSE,4523,JP
04401,Electrolux,STO,ELUX-B,SE
04411,Electronic Arts,NASDAQ,EA,US
04421,Elevance Health,NYSE,ELV,US
04431,Emart,KRX,139480,KR
04441,EMCOR Group,NYSE,EME,US
04451,Emerson Electric,NYSE,EMR,US
04461,Enagas,BME,ENG,ES
04471,Enbridge,TSX,ENB,CA
04481,Endesa,BME,ELE,ES
04491,Enel,BIT,ENEL,IT
04501,ENEOS,TSE,5020,JP
04511,ENEOS Holdings,TSE,5020,JP
04521,Engie,EURONEXT,ENGI,FR
04531,Eni,BIT,ENI,IT
04541,ENN Energy,HKEX,2688,CN
04551,Enphase Energy,NASDAQ,ENPH,US
04561,Entegris,NASDAQ,ENTG,US
04571,Entergy,NYSE,ETR,US
04581,EOG Resources,NYSE,EOG,US
04591,EPAM Systems,NYSE,EPAM,US
04601,EQT Corporation,NYSE,EQT,US
04611,Equifax,NYSE,EFX,US
04621,Equinix,NASDAQ,EQIX,US
04631,Equinor,OSL,EQNR,NO
04641,Equitable Holdings,NYSE,EQH,US
04651,Equity Residential,NYSE,EQR,US
04661,Ericsson,STO,ERIC-B,SE
04671,Erie Indemnity,NASDAQ,ERIE,US
04681,Erste Bank,VIE,EBS,AT
04691,Essex Property Trust,NYSE,ESS,US
04701,EssilorLuxottica,EURONEXT,EL,FR
04711,Essity,STO,ESSITY-B,SE
04721,Estée Lauder Companies,NYSE,EL,US
04731,Everest,NYSE,EG,US
04741,Evergy,NYSE,EVRG,US
04751,Eversource Energy,NYSE,ES,US
04761,Exelon,NASDAQ,EXC,US
04771,Expand Energy,KRX,023350,KR
04781,Expedia,NASDAQ,EXPE,US
04791,Expeditors International,NASDAQ,EXPD,US
04801,Experian,LSE,EXPN,GB
04811,Extra Space Storage,NYSE,EXR,US
04821,Exxon Mobil,NYSE,XOM,US
04831,F&F,KRX,383220,KR
04841,F5,NASDAQ,FFIV,US
04851,FactSet Research Systems,NYSE,FDS,US
04861,Fair Isaac,NYSE,FICO,US
04871,Fairfax Financial Holdings,TSX,FFH,CA
04881,FANUC,TSE,6954,JP
04891,Fast Retailing,TSE,9983,JP
04901,Fastenal,NASDAQ,FAST,US
04911,Federal Realty Investment Trust,NYSE,FRT,US
04921,FedEx,NYSE,FDX,US
04931,Ferguson Enterprises,NYSE,FERG,US
04941,Ferrari,BIT,RACE,IT
04951,Ferrovial,BME,FER,ES
04961,Fiat Chrysler Automobiles,NYSE,FCAU,IT
04971,Fidelity National Information Services,NYSE,FIS,US
04981,Fifth Third Bancorp,NASDAQ,FITB,US
04991,Fila,KRX,081660,KR
05001,Fin Richemont Namen,SWX,CFR,CH
05011,First Citizens Bancshs,NASDAQ,FCNCA,US
05021,First Solar,NASDAQ,FSLR,US
05031,FirstEnergy,NYSE,FE,US
05041,Fiserv,NASDAQ,FISV,US
05051,Flutter Entertainment,LSE,FLTR,IE
05061,FNF,NYSE,FNF,US
05071,Foosung,KOSDAQ,093370,KR
05081,Ford Motor Company,NYSE,F,US
05091,Fortescue,ASX,FMG,AU
05101,Fortinet,NASDAQ,FTNT,US
05111,Fortis,TSX,FTS,CA
05121,Fortive,NYSE,FTV,US
05131,Fortum,HEL,FORTUM,FI
05141,Foshan Haitian Flavouring & Food,SZSE,603288,CN
05151,Fox Corporation,NASDAQ,FOXA,US
05161,Franco-Nevada,TSX,FNV,CA
05171,Franklin Resources,NYSE,BEN,US
05181,Freeport-McMoRan,NYSE,FCX,US
05191,Fresenius,XETRA,FRE,DE
05201,Fresenius Medical Care,XETRA,FME,DE
05211,Fuji Electric,TSE,6504,JP
05221,Fujifilm,TSE,4901,JP
05231,Fujikura,TSE,5803,JP
05241,Fujitsu,TSE,6702,JP
05251,Fukuoka Financial,TSE,8354,JP
05261,Furukawa Electric,TSE,5801,JP
05271,Galaxy Entertainment,HKEX,0027,HK
05281,Arthur J. Gallagher & Co.,NYSE,AJG,US
05291,Garmin,NYSE,GRMN,US
05301,Gartner,NYSE,IT,US
05311,Gas Natural SDG,BME,GAS,ES
05321,GE Aerospace,NYSE,GE,US
05331,GE HealthCare,NASDAQ,GEHC,US
05341,GE Vernova,NYSE,GEV,US
05351,GEA,XETRA,G1A,DE
05361,Geberit,SWX,GEBN,CH
05371,Geely Auto,HKEX,0175,CN
05381,Gemalto,EURONEXT,GTO,NL
05391,Gen Digital,NASDAQ,GEN,US
05401,Generac,NYSE,GNRC,US
05411,General Dynamics,NYSE,GD,US
05421,General Mills,NYSE,GIS,US
05431,General Motors,NYSE,GM,US
05441,Genmab,CPH,GMAB,DK
05451,Genuine Parts Company,NYSE,GPC,US
05461,GigaDevice,SZSE,603986,CN
05471,Gilead Sciences,NASDAQ,GILD,US
05481,Givaudan,SWX,GIVN,CH
05491,GKN,LSE,GKN,GB
05501,GlaxoSmithKline,LSE,GSK,GB
05511,Glencore,LSE,GLEN,GB
05521,Global Payments,NYSE,GPN,US
05531,Globe Life,NYSE,GL,US
05541,GoDaddy,NYSE,GDDY,US
05551,Goldman Sachs,NYSE,GS,US
05561,Goodman,ASX,GMG,AU
05571,Graco,NYSE,GGG,US
05581,W.W. Grainger,NYSE,GWW,US
05591,Grand Korea Leisure,KRX,114090,KR
05601,Great Wall Motor Company,HKEX,2333,CN
05611,Green Cross,KRX,006280,KR
05621,Green Cross Holdings,KRX,005250,KR
05631,Grifols,BME,GRF,ES
05641,Groupe Bruxelles Lambert,EBR,GBLB,BE
05651,Groupe Société Générale,EURONEXT,GLE,FR
05661,GS,KRX,078930,KR
05671,GS E&C,KRX,006360,KR
05681,GS Retail,KRX,007070,KR
05691,GS Yuasa,TSE,6674,JP
05701,GSK,LSE,GSK,GB
05711,Haidilao,HKEX,6862,CN
05721,Haier,HKEX,1169,CN
05731,Haier Smart Home,SHSE,600690,CN
05741,Haleon,LSE,HLN,GB
05751,Halliburton,NYSE,HAL,US
05761,Hammerson,LSE,HMSO,GB
05771,Hana Financial,KRX,086790,KR
05781,Hana Tour,KOSDAQ,039130,KR
05791,Hanall Biopharma,KOSDAQ,009420,KR
05801,Hang Lung Properties,HKEX,0101,HK
05811,Hang Seng Bank,HKEX,0011,HK
05821,Hanil Cement,KRX,300720,KR
05831,Hanjin KAL,KRX,180640,KR
05841,Hankook,KRX,161390,KR
05851,Hankook & Co,KRX,000240,KR
05861,Hanmi Pharm,KRX,128940,KR
05871,Hanmi Science,KRX,008930,KR
05881,Hanmi Semiconductor,KOSDAQ,042700,KR
05891,Hannover Rück,XETRA,HNR1,DE
05901,Hanon Systems,KRX,018880,KR
05911,Hansae,KRX,105630,KR
05921,Hansoh Pharmaceutical,HKEX,3692,CN
05931,Hansol Chemical,KRX,014680,KR
05941,Hanssem,KRX,009240,KR
05951,Hanwha,KRX,000880,KR
05961,Hanwha Aerospace,KRX,012450,KR
05971,Hanwha Life,KRX,088350,KR
05981,Hanwha Ocean,KRX,042660,KR
05991,Hanwha Solutions,KRX,009830,KR
06001,Hanwha Systems,KRX,272210,KR
06011,Hanwha Vision,KRX,012450,KR
06021,Hartford Insurance,NYSE,HIG,US
06031,Hasbro,NASDAQ,HAS,US
06041,Haseko,TSE,1808,JP
06051,HCA Healthcare,NYSE,HCA,US
06061,HD Hyundai,KRX,267250,KR
06071,HD Hyundai Electric,KRX,267260,KR
06081,HD Hyundai Heavy Industries,KRX,329180,KR
06091,HD Hyundai Infracore,KRX,042670,KR
06101,HD Hyundai Mipo,KRX,010620,KR
06111,HD KSOE,KRX,009540,KR
06121,Healthpeak Properties,NYSE,PEAK,US
06131,HEICO Corporation,NYSE,HEI,US
06141,Heidelberg Materials,XETRA,HEI,DE
06151,HeidelbergCement,XETRA,HEI,DE
06161,Heineken,EURONEXT,HEIA,NL
06171,Heineken Holding,EURONEXT,HEIO,NL
06181,Heineken NV,EURONEXT,HEIA,NL
06191,Henderson Land Development Company,HKEX,0012,HK
06201,Hengan International,HKEX,1044,CN
06211,Henkel Pref,XETRA,HEN3,DE
06221,Henkel Vorzug,XETRA,HEN3,DE
06231,Hennes & Mauritz,STO,HM-B,SE
06241,Henry Schein,NASDAQ,HSIC,US
06251,Hermès International,EURONEXT,RMS,FR
06261,Hess Corporation,NYSE,HES,US
06271,Hewlett Packard Enterprise,NYSE,HPE,US
06281,Hexagon,STO,HEXA-B,SE
06291,Hilton Worldwide Holdings,NYSE,HLT,US
06301,Hino Motors,TSE,7205,JP
06311,Hitachi,TSE,6501,JP
06321,Hitachi Construction Machinery,TSE,6305,JP
06331,Hitachi Zōsen,TSE,7004,JP
06341,HiteJinro,KRX,000080,KR
06351,HKEX,HKEX,0388,HK
06361,HL Mando,KRX,204320,KR
06371,HMM,KRX,011200,KR
06381,Holcim,SWX,HOLN,CH
06391,Hologic,NASDAQ,HOLX,US
06401,Home Depot,NYSE,HD,US
06411,Honda Motor,TSE,7267,JP
06421,Honeywell International,NASDAQ,HON,US
06431,Hong Kong and China Gas Company,HKEX,0003,HK
06441,Hongkong Exch & Clearing,HKEX,0388,HK
06451,Hormel Foods,NYSE,HRL,US
06461,Dr. Horton,NYSE,DHI,US
06471,Host Hotels & Resorts,NASDAQ,HST,US
06481,Hotel Shilla,KRX,008770,KR
06491,Howmet Aerospace,NYSE,HWM,US
06501,Hoya,TSE,7741,JP
06511,HP,NYSE,HPQ,US
06521,HS Hyosung Advanced Materials,KRX,298050,KR
06531,HSBC Holdings,LSE,HSBA,GB
06541,Hubbell Incorporated,NYSE,HUBB,US
06551,HubSpot,NYSE,HUBS,US
06561,Humana,NYSE,HUM,US
06571,Huntington Bancshares,NASDAQ,HBAN,US
06581,Huntington Ingalls Industries,NYSE,HII,US
06591,Hybe,KRX,352820,KR
06601,Hygon Information Technology,SHSE,688041,CN
06611,Hyosung Heavy Industries,KRX,298040,KR
06621,Hyosung TNC,KRX,298020,KR
06631,Hyundai Department Store,KRX,069960,KR
06641,Hyundai E&C,KRX,000720,KR
06651,Hyundai Elevator,KRX,017800,KR
06661,Hyundai Glovis,KRX,086280,KR
06671,Hyundai Marine & Fire,KRX,001450,KR
06681,Hyundai Mobis,KRX,012330,KR
06691,Hyundai Motor,KRX,005380,KR
06701,Hyundai Rotem,KRX,064350,KR
06711,Hyundai Steel,KRX,004020,KR
06721,Hyundai WIA,KRX,011210,KR
06731,IAG,LSE,IAG,GB
06741,Iberdrola,BME,IBE,ES
06751,IBM,NYSE,IBM,US
06761,Idemitsu Kosan,TSE,5019,JP
06771,IDEX Corporation,NYSE,IEX,US
06781,IDEXX Laboratories,NASDAQ,IDXX,US
06791,IHI Corporation,TSE,7013,JP
06801,Iliad,EURONEXT,ILD,FR
06811,Iljin Hysolus,KOSDAQ,271940,KR
06821,Illinois Tool Works,NYSE,ITW,US
06831,Imperial Brands,LSE,IMB,GB
06841,Incyte,NASDAQ,INCY,US
06851,Inditex,BME,ITX,ES
06861,Industria de Diseno Textil SA,BME,ITX,ES
06871,Industrial and Commercial Bank of China,SHSE,601398,CN
06881,Industrial Bank,SHSE,601166,CN
06891,Industrial Bank of Korea,KRX,024110,KR
06901,Infineon Technologies,XETRA,IFX,DE
06911,Informa,LSE,INF,GB
06921,ING Groep,EURONEXT,INGA,NL
06931,Ingenico,EURONEXT,ING,FR
06941,Ingersoll Rand,NYSE,IR,US
06951,Inmarsat,LSE,ISAT,GB
06961,Inpex,TSE,1605,JP
06971,Insulet Corporation,NASDAQ,PODD,US
06981,Intact Financial,TSX,IFC,CA
06991,Intel,NASDAQ,INTC,US
07001,Interactive Brokers,NASDAQ,IBKR,US
07011,Intercontinental Exchange,NYSE,ICE,US
07021,Intercontinental Hotels,LSE,IHG,GB
07031,International Flavors & Fragrances,NYSE,IFF,US
07041,International Paper,NYSE,IP,US
07051,Intertek,LSE,ITRK,GB
07061,Intesa Sanpaolo,BIT,ISP,IT
07071,Intuit,NASDAQ,INTU,US
07081,Intuitive Surgical,NASDAQ,ISRG,US
07091,Invesco,NYSE,IVZ,US
07101,Investment Kinnevik,STO,KINV-B,SE
07111,Investor,STO,INVE-B,SE
07121,Invitation Homes,NYSE,INVH,US
07131,IQVIA Holdings,NYSE,IQV,US
07141,Iron Mountain,NYSE,IRM,US
07151,Isetan Mitsukoshi,TSE,3099,JP
07161,ISU Specialty Chemical,KRX,078930,KR
07171,Isuzu Motors,TSE,7202,JP
07181,Itochu,TSE,8001,JP
07191,ITV,LSE,ITV,GB
07201,J. Front Retailing,TSE,3086,JP
07211,J.B. Hunt,NASDAQ,JBHT,US
07221,Jabil,NYSE,JBL,US
07231,Jack Henry & Associates,NASDAQ,JKHY,US
07241,Jacobs Solutions,NYSE,J,US
07251,Japan Airlines,TSE,9201,JP
07261,Japan Exchange,TSE,8697,JP
07271,Japan Post,TSE,6178,JP
07281,Japan Post Bank,TSE,7182,JP
07291,Japan Post Holdings,TSE,6178,JP
07301,Japan Tobacco,TSE,2914,JP
07311,JB Financial,KRX,175330,KR
07321,JD Health,HKEX,6618,CN
07331,JD.com,NASDAQ,JD,CN
07341,JFE Holdings,TSE,5411,JP
07351,JGC Holdings,TSE,1963,JP
07361,Jiangsu Hengrui Pharmaceuticals,SHSE,600276,CN
07371,Johnson & Johnson,NYSE,JNJ,US
07381,Johnson Controls,NYSE,JCI,US
07391,Johnson Matthey,LSE,JMAT,GB
07401,JPMorgan Chase & Co,NYSE,JPM,US
07411,JTEKT,TSE,6473,JP
07421,Julius Baer,SWX,BAER,CH
07431,Juniper Networks,NYSE,JNPR,US
07441,Kajima,TSE,1812,JP
07451,Kakao,KRX,035720,KR
07461,KakaoBank,KRX,323410,KR
07471,KakaoPay,KRX,377300,KR
07481,Kangwon Land,KRX,035250,KR
07491,Kansai Electric Power,TSE,9503,JP
07501,Kao,TSE,4452,JP
07511,Kawasaki Heavy Industries,TSE,7012,JP
07521,Kawasaki Kisen Kaisha,TSE,9107,JP
07531,KB Financial,KRX,105560,KR
07541,KBC Groupe,EBR,KBC,BE
07551,KCC Corporation,KRX,002380,KR
07561,KDDI Corporation,TSE,9433,JP
07571,Keio,TSE,9008,JP
07581,Keisei Electric Railway,TSE,9009,JP
07591,Kellanova,NYSE,K,US
07601,Kenvue,NYSE,KVUE,US
07611,KEPCO,KRX,015760,KR
07621,KEPCO E&C,KRX,052690,KR
07631,KEPCO KPS,KRX,051600,KR
07641,Kering,EURONEXT,KER,FR
07651,Kerry,HKEX,0636,HK
07661,Keurig Dr Pepper,NASDAQ,KDP,US
07671,KeyCorp,NYSE,KEY,US
07681,Keyence,TSE,6861,JP
07691,Keysight Technologies,NYSE,KEYS,US
07701,KG Mobility,KRX,003620,KR
07711,Kia,KRX,000270,KR
07721,Kikkoman,TSE,2801,JP
07731,Kimberly-Clark,NYSE,KMB,US
07741,Kimco Realty,NYSE,KIM,US
07751,Kinder Morgan,NYSE,KMI,US
07761,Kingfisher,LSE,KGF,GB
07771,Kirin,TSE,2503,JP
07781,Kiwoom Securities,KRX,039490,KR
07791,KKR & Co,NYSE,KKR,US
07801,KLA Corporation,NASDAQ,KLAC,US
07811,Klepierre,EURONEXT,LI,FR
07821,Kobe Steel,TSE,5406,JP
07831,Kolmar Korea,KRX,161890,KR
07841,Kolon Industries,KRX,120110,KR
07851,Komatsu,TSE,6301,JP
07861,Konami,TSE,9766,JP
07871,Kone,HEL,KNEBV,FI
07881,Konica Minolta,TSE,4902,JP
07891,Koninklijke DSM,EURONEXT,DSM,NL
07901,Koninklijke KPN,EURONEXT,KPN,NL
07911,Koninklijke Philips,EURONEXT,PHIA,NL
07921,Korea Aerospace,KRX,047810,KR
07931,Korea Gas,KRX,036460,KR
07941,Korea Investment,KRX,071050,KR
07951,Korea Petrochemical,KRX,006650,KR
07961,Korea Zinc,KRX,010130,KR
07971,Korean Air,KRX,003490,KR
07981,KPN,EURONEXT,KPN,NL
07991,Kraft Heinz,NASDAQ,KHC,US
08001,Krafton,KRX,259960,KR
08011,Kroger,NYSE,KR,US
08021,KT,KRX,030200,KR
08031,KT&G,KRX,033780,KR
08041,Kubota,TSE,6326,JP
08051,Kuehne + Nagel,SWX,KNIN,CH
08061,Kumho Petrochemical,KRX,011780,KR
08071,Kumho Tire,KRX,073240,KR
08081,Kuraray,TSE,3405,JP
08091,Kweichow Moutai,SSE,600519,CN
08101,Kyocera,TSE,6971,JP
08111,Kyowa Hakko Kirin,TSE,4151,JP
08121,L'Oréal,EURONEXT,OR,FR
08131,L&F,KRX,066970,KR
08141,L3Harris Technologies,NYSE,LHX,US
08151,Labcorp Holdings,NYSE,LDX,US
08161,LafargeHolcim,SIX,HOLN,CH
08171,Lam Research,NASDAQ,LRCX,US
08181,Lamb Weston,NYSE,LW,US
08191,Land Securities,LSE,LAND,GB
08201,Las Vegas Sands,NYSE,LVS,US
08211,Lasertec,TSE,6920,JP
08221,Legal & General,LSE,LGEN,GB
08231,Legrand,EURONEXT,LR,FR
08241,Leidos Holdings,NYSE,LDOS,US
08251,Lennar,NYSE,LEN,US
08261,Lennox International,NYSE,LII,US
08271,Lenovo,HKEX,0992,HK
08281,Leonardo,BIT,LDO,IT
08291,LG,KRX,003550,KR
08301,LG Chem,KRX,051910,KR
08311,LG Display,KRX,034220,KR
08321,LG Electronics,KRX,066570,KR
08331,LG Energy Solution,KRX,373220,KR
08341,LG H&H,KRX,051900,KR
08351,LG Innotek,KRX,011070,KR
08361,LG Uplus,KRX,032640,KR
08371,Li Auto,HKEX,2015,HK
08381,Li-Ning,HKEX,2331,HK
08391,Liberty Formula One,NASDAQ,FWONA,US
08401,LIG Nex1,KRX,079550,KR
08411,Eli Lilly & Co,NYSE,LLY,US
08421,Linde,NYSE,LIN,US
08431,Lindt & Sprüngli Reg,SIX,LISN,CH
08441,Link REIT,HKEX,0823,HK
08451,Live Nation Entertainment,NYSE,LYV,US
08461,LKQ Corporation,NASDAQ,LKQ,US
08471,Lloyds Banking,LSE,LLOY,GB
08481,Loblaw,TSX,L,CA
08491,Lockheed Martin,NYSE,LMT,US
08501,Loews Corporation,NYSE,L,US
08511,Logitech,SIX,LOGN,CH
08521,London Stock Exchange,LSE,LSEG,GB
08531,Longfor Properties,HKEX,0960,HK
08541,LONGi Green Energy Technology,SSE,601012,CN
08551,Lonza,SIX,LONN,CH
08561,Lotte,KRX,004990,KR
08571,Lotte Chemical,KRX,011170,KR
08581,Lotte Chilsung,KRX,005300,KR
08591,Lotte Fine Chemical,KRX,004000,KR
08601,Lotte Shopping,KRX,023530,KR
08611,Lotte Wellfood,KRX,280360,KR
08621,Lowe's,NYSE,LOW,US
08631,LPL Financial Holdings,NASDAQ,LPLA,US
08641,LS Electric,KRX,010120,KR
08651,Lululemon Athletica,NASDAQ,LULU,US
08661,Luxottica,BIT,LUX,IT
08671,LVMH Moet Hennessy,EURONEXT,MC,FR
08681,LX International,KRX,001120,KR
08691,LY Corporation,TSE,4689,JP
08701,LyondellBasell,NYSE,LYB,US
08711,M&T Bank,NYSE,MTB,US
08721,M3,TSE,2413,JP
08731,Macquarie,ASX,MQG,AU
08741,Manulife Financial,TSX,MFC,CA
08751,Marathon Petroleum,NYSE,MPC,US
08761,Markel,NYSE,MKL,US
08771,MarketAxess,NASDAQ,MKTX,US
08781,Marks & Spencer,LSE,MKS,GB
08791,Marriott International,NASDAQ,MAR,US
08801,Marsh McLennan,NYSE,MMC,US
08811,Martin Marietta Materials,NYSE,MLM,US
08821,Marubeni,TSE,8002,JP
08831,Marui,TSE,8252,JP
08841,Marvell Technology,NASDAQ,MRVL,US
08851,Masco,NYSE,MAS,US
08861,Mastercard,NYSE,MA,US
08871,Match,NASDAQ,MTCH,US
08881,Mazda Motor,TSE,7261,JP
08891,McCormick & Co,NYSE,MKC,US
08901,McDonald's,NYSE,MCD,US
08911,McKesson Corporation,NYSE,MCK,US
08921,Medtronic,NYSE,MDT,IE
08931,Meiji,TSE,2269,JP
08941,Meituan,HKEX,3690,HK
08951,Mengniu Dairy,HKEX,2319,HK
08961,MercadoLibre,NASDAQ,MELI,US
08971,Mercari,TSE,4385,JP
08981,Mercedes-Benz,FWB,MBG,DE
08991,Merck,FWB,MRK,DE
09001,Merck & Co,NYSE,MRK,US
09011,Merck KGaA Stamm,FWB,MRK,DE
09021,Meritz Financial,KRX,138040,KR
09031,Meta Platforms,NASDAQ,META,US
09041,MetLife,NYSE,MET,US
09051,Mettler Toledo,NYSE,MTD,US
09061,MGM Resorts,NYSE,MGM,US
09071,Michelin,EURONEXT,ML,FR
09081,Microchip Technology,NASDAQ,MCHP,US
09091,Micron Technology,NASDAQ,MU,US
09101,Microsoft,NASDAQ,MSFT,US
09111,MicroStrategy,NASDAQ,MSTR,US
09121,Mid-America Apartment Communities,NYSE,MAA,US
09131,MinebeaMitsumi,TSE,6479,JP
09141,Mirae Asset Securities,KRX,006800,KR
09151,Mitsubishi,TSE,8058,JP
09161,Mitsubishi Chemical,TSE,4188,JP
09171,Mitsubishi Electric,TSE,6503,JP
09181,Mitsubishi Estate,TSE,8802,JP
09191,Mitsubishi Heavy Industries,TSE,7011,JP
09201,Mitsubishi Logistics,TSE,9301,JP
09211,Mitsubishi Materials,TSE,5711,JP
09221,Mitsubishi Motors,TSE,7211,JP
09231,Mitsubishi UFJ Financial,TSE,8306,JP
09241,Mitsui,TSE,8031,JP
09251,Mitsui Chemicals,TSE,4183,JP
09261,Mitsui Fudosan,TSE,8801,JP
09271,Mitsui Mining & Smelting,TSE,5706,JP
09281,Mitsui O.S.K. Lines,TSE,9104,JP
09291,Miwon Commercial,KRX,002840,KR
09301,Mizuho Financial,TSE,8411,JP
09311,Moderna,NASDAQ,MRNA,US
09321,Mohawk Industries,NYSE,MHK,US
09331,Molina Healthcare,NYSE,MOH,US
09341,Molson Coors Beverage Company,NYSE,TAP,US
09351,Moncler,BIT,MONC,IT
09361,Mondelez International,NASDAQ,MDLZ,US
09371,Mondi,LSE,MNDI,GB
09381,MongoDB,NASDAQ,MDB,US
09391,Monolithic Power Systems,NASDAQ,MPWR,US
09401,Monster Beverage,NASDAQ,MNST,US
09411,Moody's,NYSE,MCO,US
09421,Morgan Stanley,NYSE,MS,US
09431,Morrison Supermarket,LSE,MRW,GB
09441,Motorola Solutions,NYSE,MSI,US
09451,MS&AD Insurance,TSE,8725,JP
09461,MSCI,NYSE,MSCI,US
09471,MTR Corporation,HKEX,0066,HK
09481,MTU Aero Engines,FWB,MTX,DE
09491,Muenchener Rueckversich,FWB,MUV2,DE
09501,Murata Manufacturing,TSE,6981,JP
09511,NARI Technology,SSE,600406,CN
09521,Nasdaq,NASDAQ,NDAQ,US
09531,Natera,NASDAQ,NTRA,US
09541,National Australia Bank,ASX,NAB,AU
09551,National Bank of Canada,TSX,NA,CA
09561,National Grid,LSE,NG,GB
09571,NatWest,LSE,NWG,GB
09581,Naver,KRX,035420,KR
09591,NCSoft,KRX,036570,KR
09601,NEC Corporation,TSE,6701,JP
09611,Nestlé,SIX,NESN,CH
09621,NetApp,NASDAQ,NTAP,US
09631,NetEase,HKEX,9999,HK
09641,Netflix,NASDAQ,NFLX,US
09651,Netmarble,KRX,251270,KR
09661,New Informa,LSE,INF,GB
09671,New World Development Company,HKEX,0017,HK
09681,Newmont,NYSE,NEM,US
09691,News Corp,NASDAQ,NWSA,US
09701,Nexon,TSE,3659,JP
09711,Next,LSE,NXT,GB
09721,NextEra Energy,NYSE,NEE,US
09731,NGK Insulators,TSE,5333,JP
09741,NH Foods,TSE,2282,JP
09751,NH Investment & Securities,KRX,005940,KR
09761,Nichirei,TSE,2871,JP
09771,Nidec,TSE,6594,JP
09781,Nike,NYSE,NKE,US
09791,Nikon,TSE,7731,JP
09801,Nintendo,TSE,7974,JP
09811,Nippon Electric Glass,TSE,5214,JP
09821,Nippon Express,TSE,9147,JP
09831,Nippon Paper Industries,TSE,3863,JP
09841,Nippon Sheet Glass,TSE,5202,JP
09851,Nippon Steel,TSE,5401,JP
09861,Nippon Telegraph & Telephone,TSE,9432,JP
09871,Nippon Yusen K.K.,TSE,9101,JP
09881,NiSource,NYSE,NI,US
09891,Nissan Chemical Industries,TSE,4021,JP
09901,Nissan Motor,TSE,7201,JP
09911,Nisshin Seifun,TSE,2002,JP
09921,Nissui,TSE,1332,JP
09931,Nitori,TSE,9843,JP
09941,Nitto Denko,TSE,6988,JP
09951,NN,AMS,NN,NL
09961,Nokia,HEL,NOKIA,FI
09971,Nomura,TSE,8604,JP
09981,Nomura Holdings,NYSE,NMR,US
09991,Nongfu Spring,HKEX,9633,HK
10001,Nongshim,KRX,004370,KR
10011,Nordea Bank,HEL,NDAFI,FI
10021,Nordson Corporation,NASDAQ,NDSN,US
10031,Norfolk Southern,NYSE,NSC,US
10041,Northern Trust,NASDAQ,NTRS,US
10051,Northrop Grumman,NYSE,NOC,US
10061,Norwegian Cruise Line Holdings,NYSE,NCLH,US
10071,Novartis,SIX,NOVN,CH
10081,Novo Nordisk,CPH,NOVO-B,DK
10091,Novonesis,CPH,NSIS-B,DK
10101,Novozymes,CPH,NZYM-B,DK
10111,NRG Energy,NYSE,NRG,US
10121,NSK Global,TSE,6471,JP
10131,NTN Corporation,TSE,6472,JP
10141,NTT Group,TSE,9432,JP
10151,NTT Data,TSE,9613,JP
10161,Nucor,NYSE,NUE,US
10171,Nutanix,NASDAQ,NTNX,US
10181,Nutrien,TSX,NTR,CA
10191,Nvidia,NASDAQ,NVDA,US
10201,NVR,NYSE,NVR,US
10211,NXP Semiconductors,NASDAQ,NXPI,NL
10221,O'Reilly Automotive,NASDAQ,ORLY,US
10231,Obayashi,TSE,1802,JP
10241,OCBC Bank,SGX,O39,SG
10251,Occidental Petroleum,NYSE,OXY,US
10261,OCI Holdings,KRX,010060,KR
10271,Odakyu Electric Railway,TSE,9007,JP
10281,Oji Holdings,TSE,3861,JP
10291,Oki Electric Industry,TSE,6703,JP
10301,Okta,NASDAQ,OKTA,US
10311,Okuma,TSE,6103,JP
10321,Old Dominion Freight,NASDAQ,ODFL,US
10331,Old Mutual,JSE,OMU,ZA
10341,Olympus,TSE,7733,JP
10351,Omnicom,NYSE,OMC,US
10361,Omron,TSE,6645,JP
10371,ON Semiconductor,NASDAQ,ON,US
10381,ONEOK,NYSE,OKE,US
10391,Oracle,NYSE,ORCL,US
10401,Orange,EURONEXT,ORA,FR
10411,Orient Overseas,HKEX,0316,HK
10421,Oriental Land,TSE,4661,JP
10431,Orion Holdings,KRX,001800,KR
10441,Orix,TSE,8591,JP
10451,Orkla,OSL,ORK,NO
10461,Osaka Gas,TSE,9532,JP
10471,Otis Worldwide,NYSE,OTIS,US
10481,Otsuka Pharmaceutical,TSE,4578,JP
10491,Ottogi,KRX,007310,KR
10501,Paccar,NASDAQ,PCAR,US
10511,Pacific Metals,TSE,5541,JP
10521,Packaging Corporation of America,NYSE,PKG,US
10531,Paddy Power Betfair,LSE,FLTR,IE
10541,Palantir Technologies,NYSE,PLTR,US
10551,Palo Alto Networks,NASDAQ,PANW,US
10561,Pan Ocean,KRX,028670,KR
10571,Panasonic,TSE,6752,JP
10581,Panasonic Holdings,TSE,6752,JP
10591,Pandora,CPH,PNDORA,DK
10601,Paramount Global,NASDAQ,PARA,US
10611,Parker Hannifin,NYSE,PH,US
10621,Partners Holding,KRX,004960,KR
10631,Paychex,NASDAQ,PAYX,US
10641,Paycom,NYSE,PAYC,US
10651,Paypal,NASDAQ,PYPL,US
10661,Pearson,LSE,PSON,GB
10671,Pembina Pipeline,TSX,PPL,CA
10681,Pentair,NYSE,PNR,US
10691,Pepsico,NASDAQ,PEP,US
10701,Pernod Ricard,EURONEXT,RI,FR
10711,Persimmon,LSE,PSN,GB
10721,PetroChina,HKEX,0857,HK
10731,Peugeot,EURONEXT,UG,FR
10741,Pfizer,NYSE,PFE,US
10751,PG&E Corporation,NYSE,PCG,US
10761,Philip Morris International,NYSE,PM,US
10771,Philips,EURONEXT,PHIA,NL
10781,Phillips 66,NYSE,PSX,US
10791,PI Advanced Materials,KRX,178920,KR
10801,Ping An Insurance,HKEX,2318,HK
10811,Pinnacle West,NYSE,PNW,US
10821,Pinterest,NYSE,PINS,US
10831,PNC Financial Services,NYSE,PNC,US
10841,Poly Real Estate,SSE,600048,CN
10851,Pool Corporation,NASDAQ,POOL,US
10861,Poongsan,KRX,103140,KR
10871,Porsche Pref,FWB,P911,DE
10881,POSCO,KRX,005490,KR
10891,POSCO DX,KRX,022100,KR
10901,POSCO Future M,KRX,003670,KR
10911,POSCO International,KRX,047050,KR
10921,Power Assets Holdings,HKEX,0006,HK
10931,Power Construction Corporation of China,SSE,601669,CN
10941,Power Corp of Canada,TSX,POW,CA
10951,PPG Industries,NYSE,PPG,US
10961,PPL Corporation,NYSE,PPL,US
10971,Principal Financial,NASDAQ,PFG,US
10981,Procter & Gamble,NYSE,PG,US
10991,Progressive Corporation,NYSE,PGR,US
11001,Prologis,NYSE,PLD,US
11011,Prosiebensat.1 Media,FWB,PSM,DE
11021,Prosus N.V.,AMS,PRX,NL
11031,Provident Financial,LSE,PFG,GB
11041,Prudential,LSE,PRU,GB
11051,Prudential Financial,NYSE,PRU,US
11061,Prysmian,BIT,PRY,IT
11071,PTC Group,NSE,PTC,IN
11081,Public Service Enterprise,NYSE,PEG,US
11091,Public Storage,NYSE,PSA,US
11101,Publicis,EURONEXT,PUB,FR
11111,PulteGroup,NYSE,PHM,US
11121,Pure Storage,NYSE,PSTG,US
11131,QBE Insurance,ASX,QBE,AU
11141,Qualcomm,NASDAQ,QCOM,US
11151,Quanta Services,NYSE,PWR,US
11161,Quest Diagnostics,NYSE,DGX,US
11171,Rakuten,TSE,4755,JP
11181,Ralph Lauren Corporation,NYSE,RL,US
11191,Randgold Resources,LSE,RRS,GB
11201,Randstad,AMS,RAND,NL
11211,Raymond James Financial,NYSE,RJF,US
11221,RB Global,NYSE,RBA,US
11231,Realty Income,NYSE,O,US
11241,Reckitt Benckiser,LSE, RKT,GB
11251,Recruit Holdings,TSE,6098,JP
11261,Red Electrica Corporation,BME,REE,ES
11271,Reed Elsevier,LSE,REL,GB
11281,Regency Centers,NASDAQ,REG,US
11291,Regeneron Pharmaceuticals,NASDAQ,REGN,US
11301,Regions Financial,NYSE,RF,US
11311,Reliance,NSE,RELIANCE,IN
11321,RELX Group,LSE,REL,GB
11331,Renault,EURONEXT,RNO,FR
11341,Renesas Electronics,TSE,6723,JP
11351,Repsol,BME,REP,ES
11361,Republic Services,NYSE,RSG,US
11371,ResMed,NYSE,RMD,US
11381,Resona,TSE,8308,JP
11391,Resona Holdings,TSE,8308,JP
11401,Restaurant Brands International,TSX,QSR,CA
11411,Revvity,NYSE,RVTY,US
11421,Rexam,LSE,REX,GB
11431,Rheinmetall,FWB,RHM,DE
11441,Ricoh,TSE,7752,JP
11451,Rio Tinto,LSE,RIO,GB
11461,Robinhood Markets,NASDAQ,HOOD,US
11471,Roblox,NYSE,RBLX,US
11481,Roche Holding,SIX,ROG,CH
11491,Rockwell Automation,NYSE,ROK,US
11501,Rollins,NYSE,ROL,US
11511,Rolls-Royce Holdings,LSE,RR,GB
11521,Roper Technologies,NYSE,ROP,US
11531,Ross Stores,NASDAQ,ROST,US
11541,Royal Bank of Canada,TSX,RY,CA
11551,Royal Bank of Scotland,LSE,RBS,GB
11561,Royal Caribbean,NYSE,RCL,US
11571,Royal Dutch Shell,LSE,SHEL,GB
11581,RPM International,NYSE,RPM,US
11591,RSA Insurance,LSE,RSA,GB
11601,RTX Corporation,NYSE,RTX,US
11611,RWE,FWB,RWE,DE
11621,RWE Stamm,FWB,RWE,DE
11631,Ryanair,ISE,RYA,IE
11641,S-1,KRX,012750,KR
11651,S-Oil,KRX,010950,KR
11661,S&P Global,NYSE,SPGI,US
11671,SABMiller,LSE,SAB,GB
11681,Safran,EURONEXT,SAF,FR
11691,Sage,LSE,SGE,GB
11701,SAIC Motor,SSE,600104,CN
11711,Saint-Gobain,EURONEXT,SGO,FR
11721,Salesforce,NYSE,CRM,US
11731,Sama Aluminium,ADX,SALCO,AE
11741,Sampo,HEL,SAMPO,FI
11751,Samsung Biologics,KRX,207940,KR
11761,Samsung C&T,KRX,028260,KR
11771,Samsung Card,KRX,029780,KR
11781,Samsung E&A,KRX,010950,KR
11791,Samsung Electro-Mechanics,KRX,009150,KR
11801,Samsung Electronics,KRX,005930,KR
11811,Samsung Fire & Marine,KRX,000810,KR
11821,Samsung Heavy Industries,KRX,010140,KR
11831,Samsung Life,KRX,032830,KR
11841,Samsung SDI,KRX,006400,KR
11851,Samsung SDS,KRX,018260,KR
11861,Samsung Securities,KRX,016360,KR
11871,Samyang Foods,KRX,003230,KR
11881,Sandoz,SIX,SDZ,CH
11891,Sands China,HKEX,1928,HK
11901,Sandvik,STO,SAND,SE
11911,Sanofi,EURONEXT,SAN,FR
11921,Sany Heavy Industries,SSE,600031,CN
11931,SAP,FWB,SAP,DE
11941,Sapporo,TSE,2501,JP
11951,SBA Communications,NASDAQ,SBAC,US
11961,Schindler Holding,SIX,SCHN,CH
11971,Schlumberger,NYSE,SLB,US
11981,Schneider Electric,EURONEXT,SU,FR
11991,Scor,EURONEXT,SCR,FR
12001,Scottish & Southern Energy,LSE,SSE,GB
12011,Screen Holdings,TSE,7735,JP
12021,SD Biosensor,KRX,137310,KR
12031,Sea A ADR,NYSE,SE,US
12041,Seagate Technology,NASDAQ,STX,IE
12051,Seah Besteel,KRX,001430,KR
12061,Seah Steel Holdings,KRX,003030,KR
12071,Sebang Global Battery,KRX,004490,KR
12081,Secom,TSE,9735,JP
12091,Seiko Epson,TSE,6724,JP
12101,Sekisui House,TSE,1928,JP
12111,Semiconductor Manufacturing International Corporation,HKEX,0981,HK
12121,Sempra,NYSE,SRE,US
12131,Sempra Energy,NYSE,SRE,US
12141,ServiceNow,NYSE,NOW,US
12151,SES,LU,SESG,LUX
12161,Seven & I,TSE,3382,JP
12171,Severn Trent,LSE,SVT,GB
12181,SGS,SIX,SGSN,CH
12191,Shaanxi Coal Industry,SSE,601225,CN
12201,Shanxi Xinghuacun Fen Wine Factory,SSE,600809,CN
12211,Sharp,TSE,6753,JP
12221,Shell,LSE,SHEL,GB
12231,Shenzhou International,HKEX,2313,HK
12241,Sherwin-Williams,NYSE,SHW,US
12251,Shimizu,TSE,1803,JP
12261,Shin-Etsu Chemical,TSE,4063,JP
12271,Shinhan Financial,KRX,055550,KR
12281,Shinsegae,KRX,004170,KR
12291,Shionogi & Co,TSE,4507,JP
12301,Shire,LSE,SHP,IE
12311,Shiseido,TSE,4911,JP
12321,Shizuoka Financial,TSE,8355,JP
12331,Shopify,NYSE,SHOP,CA
12341,Showa Denko,TSE,4004,JP
12351,Siemens,FWB,SIE,DE
12361,Siemens Energy,FWB,ENR,DE
12371,Siemens Healthineers,FWB,SHL,DE
12381,Sika,SIX,SIKA,CH
12391,Simon Property,NYSE,SPG,US
12401,Singapore Telecom,SGX,Z74,SG
12411,Sino Biopharm,HKEX,1177,HK
12421,Sinopec,HKEX,0386,HK
12431,Sinopharm,HKEX,1099,HK
12441,SK,KRX,034730,KR
12451,SK Biopharm,KRX,326030,KR
12461,SK Bioscience,KRX,302440,KR
12471,SK Chemicals,KRX,285130,KR
12481,SK Hynix,KRX,000660,KR
12491,SK IE Technology,KRX,361610,KR
12501,SK Innovation,KRX,096770,KR
12511,SK Networks,KRX,001740,KR
12521,SK Square,KRX,402340,KR
12531,SK Telecom,KRX,017670,KR
12541,Skandinaviska Enskilda Banken,STO,SEB-A,SE
12551,Skanska,STO,SKA-B,SE
12561,SKC,KRX,011790,KR
12571,SKF,STO,SKF-B,SE
12581,Sky,LSE,SKY,GB
12591,Skyworks Solutions,NASDAQ,SWKS,US
12601,SL,KRX,005850,KR
12611,SMC Corporation,TSE,6273,JP
12621,Smith & Nephew,LSE,SN,GB
12631,Smiths,LSE,SMIN,GB
12641,Smurfit WestRock,LSE,SMWR,IE
12651,Snam Rete Gas,BIT,SRG,IT
12661,Snap-on,NYSE,SNA,US
12671,Snowflake,NYSE,SNOW,US
12681,Société Générale,EURONEXT,GLE,FR
12691,Sodexo,EURONEXT,SW,FR
12701,SoftBank,TSE,9434,JP
12711,SoftBank Group,TSE,9984,JP
12721,Sojitz,TSE,2768,JP
12731,Solvay,EURONEXT,SOLB,BE
12741,Solventum,NYSE,SOLV,US
12751,Sompo,TSE,8630,JP
12761,Sompo Holdings,TSE,8630,JP
12771,Sonova,SIX,SOON,CH
12781,Sonova Holding,SIX,SOON,CH
12791,Sony,TSE,6758,JP
12801,Sony Group,TSE,6758,JP
12811,Southern Company,NYSE,SO,US
12821,Southwest Airlines,NYSE,LUV,US
12831,Spotify Technology,NYSE,SPOT,US
12841,SS&C Technologies Holdings,NASDAQ,SSNC,US
12851,SSE,LSE,SSE,GB
12861,St. James's Place Capital,LSE,STJ,GB
12871,Standard Chartered,LSE,STAN,GB
12881,Standard Life,LSE,SL,GB
12891,Stanley Black & Decker,NYSE,SWK,US
12901,Starbucks,NASDAQ,SBUX,US
12911,State Street,NYSE,STT,US
12921,Statoil,OSL,EQNR,NO
12931,Steel Dynamics,NASDAQ,STLD,US
12941,Steinhoff N.V.,JSE,SN,ZA
12951,Stellantis,EURONEXT,STLA,NL
12961,Steris,NYSE,STE,US
12971,STMicroelectronics,EURONEXT,STM,FR
12981,Straumann Holding,SIX,STMN,CH
12991,Stryker Corporation,NYSE,SYK,US
13001,Subaru,TSE,7270,JP
13011,Suez Environnement,EURONEXT,SEV,FR
13021,SUMCO,TSE,3436,JP
13031,Sumitomo,TSE,8053,JP
13041,Sumitomo Chemical,TSE,4005,JP
13051,Sumitomo Dainippon Pharma,TSE,4506,JP
13061,Sumitomo Electric Industries,TSE,5802,JP
13071,Sumitomo Heavy Industries,TSE,6302,JP
13081,Sumitomo Metal Mining,TSE,5713,JP
13091,Sumitomo Mitsui Financial,TSE,8316,JP
13101,Sumitomo Mitsui Trust,TSE,8309,JP
13111,Sumitomo Osaka Cement,TSE,5232,JP
13121,Sumitomo Realty & Development,TSE,8830,JP
13131,Sun Communities,NYSE,SUI,US
13141,Sun Hung Kai Properties,HKEX,0016,HK
13151,Sun Life Financial,TSX,SLF,CA
13161,Suncor Energy,TSX,SU,CA
13171,Sunny Optical,HKEX,2382,HK
13181,Super Micro Computer,NASDAQ,SMCI,US
13191,Suzuki Motor,TSE,7269,JP
13201,Svenska Cellulosa,STO,SCA-B,SE
13211,Svenska Enskilda Banken,STO,SEB-A,SE
13221,Svenska Handelsbanken,STO,SHB-A,SE
13231,Swatch Bearer,SIX,UHR,CH
13241,Swedbank,STO,SWED-A,SE
13251,Swedish Match,STO,SWMA,SE
13261,Swiss Life Holding,SIX,SLHN,CH
13271,Swiss Prime Site,SIX,SPSN,CH
13281,Swiss Re,SIX,SREN,CH
13291,Swiss Reinsurance Company,SIX,SREN,CH
13301,Swisscom,SIX,SCMN,CH
13311,Symrise,FWB,SY1,DE
13321,Synchrony Financial,NYSE,SYF,US
13331,Syngenta,SIX,SYT,CH
13341,Synopsys,NASDAQ,SNPS,US
13351,Sysco,NYSE,SYY,US
13361,T-Mobile US,NASDAQ,TMUS,US
13371,T. Rowe Price,NASDAQ,TROW,US
13381,T&D,TSE,8795,JP
13391,Taekwang Industrial,KRX,003240,KR
13401,Taihan Cable & Solution,KRX,001440,KR
13411,Taiheiyo Cement,TSE,5233,JP
13421,Taisei,TSE,1801,JP
13431,Taiyo Yuden,TSE,6976,JP
13441,Takara,TSE,2531,JP
13451,Takashimaya,TSE,8233,JP
13461,Take-Two Interactive,NASDAQ,TTWO,US
13471,Takeda Pharmaceutical,TSE,4502,JP
13481,Tapestry,NYSE,TPR,US
13491,Targa Resources,NYSE,TRGP,US
13501,Target Corporation,NYSE,TGT,US
13511,Taylor Wimpey,LSE,TW,GB
13521,TBEA,SZSE,600089,CN
13531,TC Energy Corporation,TSX,TRP,CA
13541,TCC Steel,KRX,002710,KR
13551,TDK Corporation,TSE,6762,JP
13561,TE Connectivity,NYSE,TEL,US
13571,Technip,EURONEXT,TE,FR
13581,Techtronic Industries,HKEX,0669,HK
13591,Teck Resources,TSX,TECK.B,CA
13601,Teijin,TSE,3401,JP
13611,Telecom Italia,BIT,TIT,IT
13621,Teledyne Technologies,NYSE,TDY,US
13631,Telefonica,BME,TEF,ES
13641,Telenor,OSL,TEL,NO
13651,Teliasonera,STO,TELIA,SE
13661,Tencent Holdings,HKEX,0700,HK
13671,Teradyne,NASDAQ,TER,US
13681,Terna,BIT,TRN,IT
13691,Terumo,TSE,4543,JP
13701,Tesco,LSE,TSCO,GB
13711,Tesla,NASDAQ,TSLA,US
13721,Teva Pharma Ind ADR,NYSE,TEVA,IL
13731,Texas Instruments,NASDAQ,TXN,US
13741,Texas Pacific Land,NYSE,TPL,US
13751,Textron,NYSE,TXT,US
13761,Thales,EURONEXT,HO,FR
13771,The Chiba Bank,TSE,8331,JP
13781,The Cigna Group,NYSE,CI,US
13791,The Coca-Cola Company,NYSE,KO,US
13801,The Cooper Companies,NASDAQ,COO,US
13811,The Hartford,NYSE,HIG,US
13821,The Hershey Company,NYSE,HSY,US
13831,The Interpublic Group of Companies,NYSE,IPG,US
13841,The J.M. Smucker Company,NYSE,SJM,US
13851,The Japan Steel Works,TSE,5631,JP
13861,The Mosaic Company,NYSE,MOS,US
13871,The Sage Group,LSE,SGE,GB
13881,The Southern Company,NYSE,SO,US
13891,The Travelers Companies,NYSE,TRV,US
13901,The Walt Disney Company,NYSE,DIS,US
13911,The Yokohama Rubber,TSE,5101,JP
13921,Thermo Fisher Scientific,NYSE,TMO,US
13931,Thomson Reuters,TSX,TRI,CA
13941,Thyssenkrupp,FWB,TKA,DE
13951,Tingyi,HKEX,0322,CN
13961,TJX Companies,NYSE,TJX,US
13971,TKG Huchems,KRX,069260,KR
13981,TKO Holdings,NYSE,TKO,US
13991,Toast,NYSE,TOST,US
14001,Tobu Railway,TSE,9001,JP
14011,Toho,TSE,9602,JP
14021,Tokai Carbon,TSE,5301,JP
14031,Tokio Marine,TSE,8766,JP
14041,Tokuyama,TSE,4043,JP
14051,Tokyo Electric Power Company,TSE,9501,JP
14061,Tokyo Electron,TSE,8035,JP
14071,Tokyo Gas,TSE,9531,JP
14081,Tokyo Tatemono,TSE,8804,JP
14091,Tokyu,TSE,9005,JP
14101,Tokyu Land,TSE,3289,JP
14111,Tongwei Company,SZSE,600438,CN
14121,Toppan Printing,TSE,7911,JP
14131,Toray Industries,TSE,3402,JP
14141,Toronto-Dominion Bank,TSX,TD,CA
14151,Tosoh,TSE,4042,JP
14161,Total,EPA,FP,FR
14171,TotalEnergies,EPA,TTE,FR
14181,Toto,TSE,5332,JP
14191,Tourmaline Oil,TSX,TOU,CA
14201,Toyota Industries,TSE,6201,JP
14211,Toyota Motor,TSE,7203,JP
14221,Toyota Tsusho,TSE,8015,JP
14231,Tractor Supply,NASDAQ,TSCO,US
14241,The Trade Desk,NASDAQ,TTD,US
14251,Tradeweb Markets,NASDAQ,TW,US
14261,Trane Technologies,NYSE,TT,IE
14271,TransDigm Group,NYSE,TDG,US
14281,TransUnion,NYSE,TRU,US
14291,Transurban,ASX,TCL,AU
14301,Travis Perkins,LSE,TPK,GB
14311,Trend Micro,TSE,4704,JP
14321,Trimble,NASDAQ,TRMB,US
14331,Trina Solar,SSE,688599,CN
14341,Trip.com,NASDAQ,TCOM,CN
14351,Truist Financial,NYSE,TFC,US
14361,TUI Group,FWB,TUI1,DE
14371,Twilio,NYSE,TWLO,US
14381,Tyler Technologies,NYSE,TYL,US
14391,Tyson Foods,NYSE,TSN,US
14401,U.S. Bancorp,NYSE,USB,US
14411,Ube Industries,TSE,4208,JP
14421,Uber,NYSE,UBER,US
14431,UBS,SWX,UBSG,CH
14441,UCB Group,EBR,UCB,BE
14451,UDR,NYSE,UDR,US
14461,Ulta Beauty,NASDAQ,ULTA,US
14471,Unibail-Rodamco,EURONEXT,URW,FR
14481,UniCredit,BIT,UCG,IT
14491,Unilever,EURONEXT,UNA,NL
14501,Union Pacific Corporation,NYSE,UNP,US
14511,United Airlines Holdings,NASDAQ,UAL,US
14521,United Internet,FWB,UTDI,DE
14531,United Overseas Bank,SGX,U11,SG
14541,United Parcel Service,NYSE,UPS,US
14551,United Rentals,NYSE,URI,US
14561,United Utilities,LSE,UU,GB
14571,UnitedHealth Group,NYSE,UNH,US
14581,Universal Health Services,NYSE,UHS,US
14591,Universal Music,AMS,UMG,NL
14601,UPM-Kymmene,HEL,UPM,FI
14611,US Bancorp,NYSE,USB,US
14621,Valeo,EURONEXT,FR,FR
14631,Valero Energy,NYSE,VLO,US
14641,Veeva Systems,NYSE,VEEV,US
14651,Ventas,NYSE,VTR,US
14661,Veolia Environnement,EURONEXT,VIE,FR
14671,Veralto,NYSE,VLTO,US
14681,Verisign,NASDAQ,VRSN,US
14691,Verisk Analytics,NASDAQ,VRSK,US
14701,Verizon Communications,NYSE,VZ,US
14711,Vertex Pharmaceuticals,NASDAQ,VRTX,US
14721,Vertiv Holdings,NYSE,VRT,US
14731,Vestas Wind Systems,CPH,VWS,DK
14741,Viatris,NASDAQ,VTRS,US
14751,Vici Properties,NYSE,VICI,US
14761,Vinci,EURONEXT,DG,FR
14771,Visa,NASDAQ,V,US
14781,Vistra Corp.,NYSE,VST,US
14791,Vivendi,EURONEXT,VIV,FR
14801,Vodafone,LSE,VOD,GB
14811,Volkswagen Pref,FWB,VOW3,DE
14821,Volkswagen Vorzug,FWB,VOW,DE
14831,Volvo,STO,VOLV-B,SE
14841,Vonovia,FWB,VNA,DE
14851,Vulcan Materials Company,NYSE,VMC,US
14861,W. R. Berkley Corporation,NYSE,WRB,US
14871,W. W. Grainger,NYSE,GWW,US
14881,Wabtec,NYSE,WAB,US
14891,Walgreens Boots Alliance,NASDAQ,WBA,US
14901,Walmart,NYSE,WMT,US
14911,Wanhua Chemical,SZSE,600309,CN
14921,Warner Bros. Discovery,NASDAQ,WBD,US
14931,Wartsila,HEL,WRT1V,FI
14941,Waste Connections,NYSE,WCN,CA
14951,Waste Management,NYSE,WM,US
14961,Waters Corporation,NYSE,WAT,US
14971,Watsco,NYSE,WSO,US
14981,WEC Energy,NYSE,WEC,US
14991,Wells Fargo,NYSE,WFC,US
15001,Welltower,NYSE,WELL,US
15011,Wesfarmers,ASX,WES,AU
15021,West Japan Railway,TSE,9021,JP
15031,West Pharmaceutical Services,NYSE,WST,US
15041,Western Digital,NASDAQ,WDC,US
15051,Westpac Banking,ASX,WBC,AU
15061,Weyerhaeuser,NYSE,WY,US
15071,WH Group,HKEX,0288,HK
15081,Wharf Real Estate Investment Company,HKEX,1997,HK
15091,Wheaton Precious Metals,TSX,WPM,CA
15101,Whitbread,LSE,WTB,GB
15111,Will Semiconductor,SHSE,603501,CN
15121,Williams Companies,NYSE,WMB,US
15131,Williams-Sonoma,NYSE,WSM,US
15141,Willis Towers Watson,NASDAQ,WTW,IE
15151,Wolseley,LSE,WOSG,GB
15161,Wolters Kluwer,AMS,WLN,NL
15171,Woodside Energy,ASX,WDS,AU
15181,Woolworths,ASX,WOW,AU
15191,Woori Financial,KRX,316140,KR
15201,Workday,NASDAQ,WDAY,US
15211,WP Carey,NYSE,WPC,US
15221,WPP,LSE,WPP,GB
15231,WSP Global,TSX,WSP,CA
15241,WuXi AppTec,SHSE,603259,CN
15251,WuXi Biologics,HKEX,2269,HK
15261,Wynn Resorts,NASDAQ,WYNN,US
15271,Xcel Energy,NASDAQ,XEL,US
15281,Xero,ASX,XRO,NZ
15291,Xiaomi,HKEX,1810,HK
15301,Xinyi Glass,HKEX,0868,HK
15311,Xinyi Solar,HKEX,0968,HK
15321,Xylem,NYSE,XYL,US
15331,Yamaha,TSE,7951,JP
15341,Yamaha Motor,TSE,7272,JP
15351,Yamato,TSE,9064,JP
15361,Yara,OSL,YAR,NO
15371,Yaskawa Electric,TSE,6506,JP
15381,Yili,SSE,600887,CN
15391,Yokogawa Electric,TSE,6841,JP
15401,Youlchon Chemical,KRX,008730,KR
15411,Youngone Holdings,KRX,009190,KR
15421,Yuhan,KRX,000100,KR
15431,Yum! Brands,NYSE,YUM,US
15441,Zebra Technologies,NASDAQ,ZBRA,US
15451,Zhangzhou Pientzehuang Pharmaceutical,SZSE,600436,CN
15461,Zhejiang Huayou Cobalt,SSE,603799,CN
15471,Zhongsheng,HKEX,0881,HK
15481,Zijin Mining,HKEX,2899,HK
15491,Zimmer Biomet,NYSE,ZBH,US
15501,Zoetis,NYSE,ZTS,US
15511,Zoom Communications,NASDAQ,ZM,US
15521,Zscaler,NASDAQ,ZS,US
15531,Zurich 15541,SIX,ZURN,CH
